{
    "mean": 0.1895548701286316,
    "std": 0.3193211555480957
}